<?xml version="1.0" encoding="UTF-8"?>
<beans xmlns="http://www.springframework.org/schema/beans"
       xmlns:xsi="http://www.w3.org/2001/XMLSchema-instance"
       xmlns:context="http://www.springframework.org/schema/context"
       xmlns:mvc="http://www.springframework.org/schema/mvc"
       xsi:schemaLocation="http://www.springframework.org/schema/beans http://www.springframework.org/schema/beans/spring-beans.xsd http://www.springframework.org/schema/context http://www.springframework.org/schema/context/spring-context.xsd http://www.springframework.org/schema/mvc http://www.springframework.org/schema/mvc/spring-mvc.xsd">
    <!-- 自动扫描且只扫描@Controller -->
    <context:component-scan base-package="cn.edu.nenu">
        <context:include-filter type="annotation" expression="org.springframework.stereotype.Controller"/>
        <context:include-filter type="annotation" expression="org.springframework.web.bind.annotation.ControllerAdvice"/>
    </context:component-scan>

    <!--注册HandlerMapper、HandlerAdapter两个映射类-->
    <mvc:annotation-driven/>

    <!--访问静态资源-->
    <mvc:default-servlet-handler/>

    <!-- spring mvc file upload 用于文件上传 -->
<!--    <bean id="multipartResolver" class="org.springframework.web.multipart.commons.CommonsMultipartResolver"/>-->
    <bean id="multipartResolver" class="org.springframework.web.multipart.commons.CommonsMultipartResolver">
        <!-- 设定默认编码 -->
<!--        <property name="defaultEncoding" value="UTF-8"></property>-->
        <!-- 设定文件上传的最大值为5MB，5*1024*1024 -->
        <property name="maxUploadSize" value="5242880"></property>
        <!-- 设定文件上传时写入内存的最大值，如果小于这个参数不会生成临时文件，默认为10240 -->
        <property name="maxInMemorySize" value="40960"></property>
        <!-- 上传文件的临时路径 -->
<!--        <property name="uploadTempDir" value="fileUpload/temp"></property>-->
        <!-- 延迟文件解析 -->
        <property name="resolveLazily" value="true"/>
    </bean>

    <!-- 定义无Controller的path<->view直接映射 -->
    <mvc:view-controller path="/" view-name="redirect:/index"/>

    <!-- 静态资源映射-->
        <mvc:resources mapping="/static/**" location="/static/"/>

    <!-- 视图解析器-->
    <bean id="viewResolver"
          class="org.springframework.web.servlet.view.InternalResourceViewResolver">
        <property name="prefix" value="/WEB-INF/views/"/>
        <property name="suffix" value=".jsp"/>
    </bean>


</beans>