<?xml version="1.0" encoding="UTF-8"?>
<beans xmlns="http://www.springframework.org/schema/beans"
       xmlns:xsi="http://www.w3.org/2001/XMLSchema-instance"
       xmlns:context="http://www.springframework.org/schema/context"
       xmlns:jpa="http://www.springframework.org/schema/data/jpa" xmlns:tx="http://www.springframework.org/schema/tx"
       xsi:schemaLocation="http://www.springframework.org/schema/beans http://www.springframework.org/schema/beans/spring-beans-4.0.xsd
       http://www.springframework.org/schema/context http://www.springframework.org/schema/context/spring-context-4.0.xsd http://www.springframework.org/schema/data/jpa http://www.springframework.org/schema/data/jpa/spring-jpa.xsd http://www.springframework.org/schema/tx http://www.springframework.org/schema/tx/spring-tx.xsd"
       default-lazy-init="true">

    <description>Spring公共配置 </description>

    <!-- 使用annotation 自动注册bean, 并保证@Required、@Autowired的属性被注入 -->
    <context:component-scan base-package="cn.edu.nenu">
        <context:exclude-filter type="annotation" expression="org.springframework.stereotype.Controller"/>
        <context:exclude-filter type="annotation" expression="org.springframework.web.bind.annotation.ControllerAdvice"/>
    </context:component-scan>


    <!-- Jpa Entity Manager 配置 -->
    <bean id="entityManagerFactory" class="org.springframework.orm.jpa.LocalContainerEntityManagerFactoryBean">
        <property name="dataSource" ref="dataSource"/>
        <property name="jpaVendorAdapter" ref="hibernateJpaVendorAdapter"/>
        <property name="packagesToScan">
            <list>
                <value>cn.edu.nenu.domain</value>
            </list>
        </property>
        <property name="jpaProperties">
            <props>
                <!-- 命名规则 My_NAME->MyName -->
                <prop key="hibernate.ejb.naming_strategy">org.hibernate.cfg.ImprovedNamingStrategy</prop>
                <prop key="hibernate.max_fetch_depth">3</prop>
                <prop key="hibernate.hbm2ddl.auto">update</prop>
                <prop key="hibernate.jdbc.fetch_size">18</prop>
                <prop key="hibernate.jdbc.batch_size">10</prop>
                <prop key="hibernate.show_sql">false</prop>
                <prop key="hibernate.format_sql">false</prop>
                <prop key="hibernate.jdbc.use_streams_for_binary">true</prop>
            </props>
        </property>
    </bean>

    <bean id="hibernateJpaVendorAdapter" class="org.springframework.orm.jpa.vendor.HibernateJpaVendorAdapter">
        <property name="databasePlatform">
            <bean factory-method="getDialect" class="cn.edu.nenu.config.orm.jpa.Persistence">
                <constructor-arg ref="dataSource"/>
            </bean>
        </property>
    </bean>

    <!-- Spring Data Jpa配置 -->
    <jpa:repositories base-package="cn.edu.nenu"  transaction-manager-ref="transactionManager" entity-manager-factory-ref="entityManagerFactory"/>

    <!-- Jpa 事务配置 -->
    <bean id="transactionManager" class="org.springframework.orm.jpa.JpaTransactionManager">
        <property name="entityManagerFactory" ref="entityManagerFactory"/>
    </bean>

    <!-- 使用annotation定义事务 -->
    <tx:annotation-driven transaction-manager="transactionManager" proxy-target-class="true" />



    <bean id="sqlSessionFactory" class="org.mybatis.spring.SqlSessionFactoryBean">
        <!-- 注入数据库连接池 -->
        <property name="dataSource" ref="dataSource" />
        <!-- 配置MyBaties全局配置文件:mybatis-config.xml -->
<!--        <property name="configLocation" value="classpath:mybatis-config.xml" />-->
        <!-- 扫描entity包 使用别名 -->
        <property name="typeAliasesPackage" value="cn.edu.nenu.domain" />
        <!-- 扫描sql配置文件:mapper需要的xml文件 -->
<!--        <property name="mapperLocations" value="classpath:mapper/*.xml" />-->
    </bean>

    <bean class="org.mybatis.spring.mapper.MapperScannerConfigurer">
        <!-- 注入sqlSessionFactory -->
        <property name="sqlSessionFactoryBeanName" value="sqlSessionFactory" />
        <!-- 给出需要扫描Dao接口包 -->
        <property name="basePackage" value="cn.edu.nenu.repository.mybatis" />
    </bean>

    <!-- production环境 -->
    <beans profile="production">
        <context:property-placeholder ignore-unresolvable="true"
                                      location="classpath*:/application.properties" />

        <!-- 数据源配置, 使用Tomcat JDBC连接池 -->
        <bean id="dataSource" class="org.apache.tomcat.jdbc.pool.DataSource" destroy-method="close">
            <!-- Connection Info -->
            <property name="driverClassName" value="${jdbc.driver}" />
            <property name="url" value="${jdbc.url}" />
            <property name="username" value="${jdbc.username}" />
            <property name="password" value="${jdbc.password}" />

            <!-- Connection Pooling Info -->
            <property name="maxActive" value="${jdbc.pool.maxActive}" />
            <property name="maxIdle" value="${jdbc.pool.maxIdle}" />
            <property name="minIdle" value="0" />
            <property name="defaultAutoCommit" value="false" />
        </bean>

    </beans>
    <beans profile="development"></beans>




</beans>